[
  {
    "Asset": 164,
    "Time": "25/11/21 23:55",
    "Message ID": 2130,
    "State": "Stationary",
    "Location": "MED/OEMA Prince Mohammad Bin Abdulaziz Airport, Madinah, Saudi Arabia (178.3° 1km)",
    "Event Message": "Stop Recording",
    "Event Type(tag)": "25/11/2021 6:25:56 PM to 25/11/2021 6:25:56 PM",
    "Longitude": 39.7048,
    "Latitude": 24.5628,
    "Heading": 317.198,
    "Odometer (nm)": 10692.347,
    "Velocity (knots)": 0,
    "Altitude (ft)": 2230
  },
  {
    "Asset": 164,
    "Time": "25/11/21 23:55",
    "Message ID": 2129,
    "State": "Moving",
    "Location": "MED/OEMA Prince Mohammad Bin Abdulaziz Airport, Madinah, Saudi Arabia (178.3° 1km)",
    "Event Message": "Engine Off",
    "Event Type(tag)": "25/11/2021 6:25:55 PM to 25/11/2021 6:25:55 PM",
    "Longitude": 39.7048,
    "Latitude": 24.5628,
    "Heading": 317.297,
    "Odometer (nm)": 10692.347,
    "Velocity (knots)": 0,
    "Altitude (ft)": 2230
  },
  {
    "Asset": 164,
    "Time": "25/11/21 23:55",
    "Message ID": 2128,
    "State": "Moving",
    "Location": "MED/OEMA Prince Mohammad Bin Abdulaziz Airport, Madinah, Saudi Arabia (178.3° 1km)",
    "Event Message": "Taxi In",
    "Event Type(tag)": "25/11/2021 6:25:54 PM to 25/11/2021 6:25:54 PM",
    "Longitude": 39.7048,
    "Latitude": 24.5626,
    "Heading": 316.891,
    "Odometer (nm)": 10692.335,
    "Velocity (knots)": 0,
    "Altitude (ft)": 2230
  },
  {
    "Asset": 164,
    "Time": "25/11/21 23:55",
    "Message ID": 2127,
    "State": "Moving",
    "Location": "MED/OEMA Prince Mohammad Bin Abdulaziz Airport, Madinah, Saudi Arabia (189.2° 0.8km)",
    "Event Message": "General Tweet",
    "Event Type(tag)": "25/11/2021 6:25:53 PM to 25/11/2021 6:25:53 PM",
    "Longitude": 39.7064,
    "Latitude": 24.5607,
    "Heading": 329.657,
    "Odometer (nm)": 10692.192,
    "Velocity (knots)": 24.8,
    "Altitude (ft)": 2234
  },
  {
    "Asset": 164,
    "Time": "25/11/21 23:55",
    "Message ID": 2126,
    "State": "Moving",
    "Location": "MED/OEMA Prince Mohammad Bin Abdulaziz Airport, Madinah, Saudi Arabia (189.2° 0.8km)",
    "Event Message": "General Heart Beat",
    "Event Type(tag)": "25/11/2021 6:25:52 PM to 25/11/2021 6:25:52 PM",
    "Longitude": 39.7064,
    "Latitude": 24.5607,
    "Heading": 329.657,
    "Odometer (nm)": 10692.192,
    "Velocity (knots)": 24.8,
    "Altitude (ft)": 2234
  },
  {
    "Asset": 164,
    "Time": "25/11/21 23:55",
    "Message ID": 2125,
    "State": "Moving",
    "Location": "",
    "Event Message": "General Heart Beat",
    "Event Type(tag)": "25/11/2021 6:25:51 PM to 25/11/2021 6:25:51 PM",
    "Longitude": 39.7177,
    "Latitude": 24.5071,
    "Heading": 345.191,
    "Odometer (nm)": 10688.911,
    "Velocity (knots)": 143.7,
    "Altitude (ft)": 2770
  },
  {
    "Asset": 164,
    "Time": "25/11/21 23:55",
    "Message ID": 2124,
    "State": "Moving",
    "Location": "",
    "Event Message": "Landing",
    "Event Type(tag)": "25/11/2021 6:25:50 PM to 25/11/2021 6:25:50 PM",
    "Longitude": 39.7244,
    "Latitude": 24.4761,
    "Heading": 342.917,
    "Odometer (nm)": 10687.012,
    "Velocity (knots)": 142,
    "Altitude (ft)": 3340
  },
  {
    "Asset": 164,
    "Time": "25/11/21 23:55",
    "Message ID": 2123,
    "State": "Moving",
    "Location": "",
    "Event Message": "General Tweet",
    "Event Type(tag)": "25/11/2021 6:25:49 PM to 25/11/2021 6:25:49 PM",
    "Longitude": 39.7358,
    "Latitude": 24.4221,
    "Heading": 343.884,
    "Odometer (nm)": 10683.707,
    "Velocity (knots)": 170,
    "Altitude (ft)": 4344
  },
  {
    "Asset": 164,
    "Time": "25/11/21 23:55",
    "Message ID": 2122,
    "State": "Moving",
    "Location": "",
    "Event Message": "General Heart Beat",
    "Event Type(tag)": "25/11/2021 6:25:48 PM to 25/11/2021 6:25:48 PM",
    "Longitude": 39.7358,
    "Latitude": 24.4221,
    "Heading": 343.884,
    "Odometer (nm)": 10683.707,
    "Velocity (knots)": 170,
    "Altitude (ft)": 4344
  },
  {
    "Asset": 164,
    "Time": "25/11/21 23:55",
    "Message ID": 2121,
    "State": "Moving",
    "Location": "",
    "Event Message": "General Heart Beat",
    "Event Type(tag)": "25/11/2021 6:25:47 PM to 25/11/2021 6:25:47 PM",
    "Longitude": 39.7559,
    "Latitude": 24.3279,
    "Heading": 343.829,
    "Odometer (nm)": 10677.94,
    "Velocity (knots)": 173.2,
    "Altitude (ft)": 6042
  },
  {
    "Asset": 164,
    "Time": "25/11/21 23:55",
    "Message ID": 2120,
    "State": "Moving",
    "Location": "",
    "Event Message": "General Tweet",
    "Event Type(tag)": "25/11/2021 6:25:46 PM to 25/11/2021 6:25:46 PM",
    "Longitude": 39.8331,
    "Latitude": 24.3143,
    "Heading": 245.608,
    "Odometer (nm)": 10673.633,
    "Velocity (knots)": 208.2,
    "Altitude (ft)": 6128
  },
  {
    "Asset": 164,
    "Time": "25/11/21 23:55",
    "Message ID": 2119,
    "State": "Moving",
    "Location": "",
    "Event Message": "General Heart Beat",
    "Event Type(tag)": "25/11/2021 6:25:45 PM to 25/11/2021 6:25:45 PM",
    "Longitude": 39.8331,
    "Latitude": 24.3143,
    "Heading": 245.608,
    "Odometer (nm)": 10673.633,
    "Velocity (knots)": 208.2,
    "Altitude (ft)": 6128
  },
  {
    "Asset": 164,
    "Time": "25/11/21 23:55",
    "Message ID": 2118,
    "State": "Moving",
    "Location": "",
    "Event Message": "Approach",
    "Event Type(tag)": "25/11/2021 6:25:44 PM to 25/11/2021 6:25:44 PM",
    "Longitude": 39.9671,
    "Latitude": 24.3739,
    "Heading": 246.982,
    "Odometer (nm)": 10665.467,
    "Velocity (knots)": 278.7,
    "Altitude (ft)": 6780
  },
  {
    "Asset": 164,
    "Time": "25/11/21 23:55",
    "Message ID": 2117,
    "State": "Moving",
    "Location": "",
    "Event Message": "General Heart Beat",
    "Event Type(tag)": "25/11/2021 6:25:43 PM to 25/11/2021 6:25:43 PM",
    "Longitude": 39.9671,
    "Latitude": 24.3739,
    "Heading": 246.982,
    "Odometer (nm)": 10665.467,
    "Velocity (knots)": 278.7,
    "Altitude (ft)": 6780
  },
  {
    "Asset": 164,
    "Time": "25/11/21 23:55",
    "Message ID": 2116,
    "State": "Moving",
    "Location": "",
    "Event Message": "General Tweet",
    "Event Type(tag)": "25/11/2021 6:25:42 PM to 25/11/2021 6:25:42 PM",
    "Longitude": 40.1414,
    "Latitude": 24.4498,
    "Heading": 245.114,
    "Odometer (nm)": 10654.893,
    "Velocity (knots)": 336.7,
    "Altitude (ft)": 8640
  },
  {
    "Asset": 164,
    "Time": "25/11/21 23:55",
    "Message ID": 2115,
    "State": "Moving",
    "Location": "",
    "Event Message": "General Heart Beat",
    "Event Type(tag)": "25/11/2021 6:25:41 PM to 25/11/2021 6:25:41 PM",
    "Longitude": 40.1414,
    "Latitude": 24.4498,
    "Heading": 245.114,
    "Odometer (nm)": 10654.893,
    "Velocity (knots)": 336.7,
    "Altitude (ft)": 8640
  },
  {
    "Asset": 164,
    "Time": "25/11/21 23:55",
    "Message ID": 2114,
    "State": "Moving",
    "Location": "",
    "Event Message": "General Heart Beat",
    "Event Type(tag)": "25/11/2021 6:25:40 PM to 25/11/2021 6:25:40 PM",
    "Longitude": 40.3318,
    "Latitude": 24.5318,
    "Heading": 245.685,
    "Odometer (nm)": 10643.37,
    "Velocity (knots)": 361.2,
    "Altitude (ft)": 11528
  },
  {
    "Asset": 164,
    "Time": "25/11/21 23:55",
    "Message ID": 2113,
    "State": "Moving",
    "Location": "",
    "Event Message": "General Tweet",
    "Event Type(tag)": "25/11/2021 6:25:39 PM to 25/11/2021 6:25:39 PM",
    "Longitude": 40.528,
    "Latitude": 24.616,
    "Heading": 245.169,
    "Odometer (nm)": 10631.511,
    "Velocity (knots)": 354.3,
    "Altitude (ft)": 14534
  },
  {
    "Asset": 164,
    "Time": "25/11/21 23:55",
    "Message ID": 2112,
    "State": "Moving",
    "Location": "",
    "Event Message": "General Heart Beat",
    "Event Type(tag)": "25/11/2021 6:25:38 PM to 25/11/2021 6:25:38 PM",
    "Longitude": 40.528,
    "Latitude": 24.616,
    "Heading": 245.169,
    "Odometer (nm)": 10631.511,
    "Velocity (knots)": 354.3,
    "Altitude (ft)": 14534
  },
  {
    "Asset": 164,
    "Time": "25/11/21 23:55",
    "Message ID": 2111,
    "State": "Moving",
    "Location": "",
    "Event Message": "General Heart Beat",
    "Event Type(tag)": "25/11/2021 6:25:37 PM to 25/11/2021 6:25:37 PM",
    "Longitude": 40.733,
    "Latitude": 24.6835,
    "Heading": 260.824,
    "Odometer (nm)": 10619.6,
    "Velocity (knots)": 368.7,
    "Altitude (ft)": 18378
  },
  {
    "Asset": 164,
    "Time": "25/11/21 23:55",
    "Message ID": 2110,
    "State": "Moving",
    "Location": "",
    "Event Message": "General Tweet",
    "Event Type(tag)": "25/11/2021 6:25:36 PM to 25/11/2021 6:25:36 PM",
    "Longitude": 40.9663,
    "Latitude": 24.7136,
    "Heading": 261.362,
    "Odometer (nm)": 10606.732,
    "Velocity (knots)": 395,
    "Altitude (ft)": 22656
  },
  {
    "Asset": 164,
    "Time": "25/11/21 23:55",
    "Message ID": 2109,
    "State": "Moving",
    "Location": "",
    "Event Message": "General Heart Beat",
    "Event Type(tag)": "25/11/2021 6:25:35 PM to 25/11/2021 6:25:35 PM",
    "Longitude": 40.9663,
    "Latitude": 24.7136,
    "Heading": 261.362,
    "Odometer (nm)": 10606.732,
    "Velocity (knots)": 395,
    "Altitude (ft)": 22656
  },
  {
    "Asset": 164,
    "Time": "25/11/21 23:55",
    "Message ID": 2108,
    "State": "Moving",
    "Location": "",
    "Event Message": "General Heart Beat",
    "Event Type(tag)": "25/11/2021 6:25:34 PM to 25/11/2021 6:25:34 PM",
    "Longitude": 41.2138,
    "Latitude": 24.745,
    "Heading": 260.494,
    "Odometer (nm)": 10593.089,
    "Velocity (knots)": 424.7,
    "Altitude (ft)": 26388
  },
  {
    "Asset": 164,
    "Time": "25/11/21 23:55",
    "Message ID": 2107,
    "State": "Moving",
    "Location": "",
    "Event Message": "General Tweet",
    "Event Type(tag)": "25/11/2021 6:25:33 PM to 25/11/2021 6:25:33 PM",
    "Longitude": 41.4775,
    "Latitude": 24.7775,
    "Heading": 259.33,
    "Odometer (nm)": 10578.564,
    "Velocity (knots)": 443,
    "Altitude (ft)": 30992
  },
  {
    "Asset": 164,
    "Time": "25/11/21 23:55",
    "Message ID": 2106,
    "State": "Moving",
    "Location": "",
    "Event Message": "General Heart Beat",
    "Event Type(tag)": "25/11/2021 6:25:32 PM to 25/11/2021 6:25:32 PM",
    "Longitude": 41.4775,
    "Latitude": 24.7775,
    "Heading": 259.33,
    "Odometer (nm)": 10578.564,
    "Velocity (knots)": 443,
    "Altitude (ft)": 30992
  },
  {
    "Asset": 164,
    "Time": "25/11/21 23:55",
    "Message ID": 2105,
    "State": "Moving",
    "Location": "",
    "Event Message": "General Heart Beat",
    "Event Type(tag)": "25/11/2021 6:25:31 PM to 25/11/2021 6:25:31 PM",
    "Longitude": 41.7399,
    "Latitude": 24.8095,
    "Heading": 260.231,
    "Odometer (nm)": 10564.118,
    "Velocity (knots)": 426.7,
    "Altitude (ft)": 35070
  },
  {
    "Asset": 164,
    "Time": "25/11/21 23:55",
    "Message ID": 2104,
    "State": "Moving",
    "Location": "",
    "Event Message": "Descent",
    "Event Type(tag)": "25/11/2021 6:25:30 PM to 25/11/2021 6:25:30 PM",
    "Longitude": 41.8086,
    "Latitude": 24.8181,
    "Heading": 259.956,
    "Odometer (nm)": 10560.334,
    "Velocity (knots)": 423,
    "Altitude (ft)": 35808
  }
]