[{
        "Asset": 164,
        "Time": "25/11/21 23:55",
        "Message ID": 2130,
        "State": "Stationary",
        "Location": "MED/OEMA Prince Mohammad Bin Abdulaziz Airport, Madinah, Saudi Arabia (178.3° 1km)",
        "Event Message": "Stop Recording",
        "Event Type(tag)": "25/11/2021 6:25:56 PM to 25/11/2021 6:25:56 PM",
        "gps_long": "39.7048",
        "gps_lat": "24.5628",
        "heading": "317.198",
        "Odometer (nm)": 10692.347,
        "Velocity (knots)": 0,
        "Altitude (ft)": 2230
    },
    {
        "Asset": 164,
        "Time": "25/11/21 23:55",
        "Message ID": 2129,
        "State": "Moving",
        "Location": "MED/OEMA Prince Mohammad Bin Abdulaziz Airport, Madinah, Saudi Arabia (178.3° 1km)",
        "Event Message": "Engine Off",
        "Event Type(tag)": "25/11/2021 6:25:55 PM to 25/11/2021 6:25:55 PM",
        "gps_long": 39.7048,
        "gps_lat": 24.5628,
        "heading": 317.297,
        "Odometer (nm)": 10692.347,
        "Velocity (knots)": 0,
        "Altitude (ft)": 2230
    },
    {
        "Asset": 164,
        "Time": "25/11/21 23:55",
        "Message ID": 2128,
        "State": "Moving",
        "Location": "MED/OEMA Prince Mohammad Bin Abdulaziz Airport, Madinah, Saudi Arabia (178.3° 1km)",
        "Event Message": "Taxi In",
        "Event Type(tag)": "25/11/2021 6:25:54 PM to 25/11/2021 6:25:54 PM",
        "gps_long": 39.7048,
        "gps_lat": 24.5626,
        "heading": 316.891,
        "Odometer (nm)": 10692.335,
        "Velocity (knots)": 0,
        "Altitude (ft)": 2230
    },
    {
        "Asset": 164,
        "Time": "25/11/21 23:55",
        "Message ID": 2127,
        "State": "Moving",
        "Location": "MED/OEMA Prince Mohammad Bin Abdulaziz Airport, Madinah, Saudi Arabia (189.2° 0.8km)",
        "Event Message": "General Tweet",
        "Event Type(tag)": "25/11/2021 6:25:53 PM to 25/11/2021 6:25:53 PM",
        "gps_long": 39.7064,
        "gps_lat": 24.5607,
        "heading": 329.657,
        "Odometer (nm)": 10692.192,
        "Velocity (knots)": 24.8,
        "Altitude (ft)": 2234
    },
    {
        "Asset": 164,
        "Time": "25/11/21 23:55",
        "Message ID": 2125,
        "State": "Moving",
        "Location": "",
        "Event Message": "General Heart Beat",
        "Event Type(tag)": "25/11/2021 6:25:51 PM to 25/11/2021 6:25:51 PM",
        "gps_long": 39.7177,
        "gps_lat": 24.5071,
        "heading": 345.191,
        "Odometer (nm)": 10688.911,
        "Velocity (knots)": 143.7,
        "Altitude (ft)": 2770
    },
    {
        "Asset": 164,
        "Time": "25/11/21 23:55",
        "Message ID": 2124,
        "State": "Moving",
        "Location": "",
        "Event Message": "Landing",
        "Event Type(tag)": "25/11/2021 6:25:50 PM to 25/11/2021 6:25:50 PM",
        "gps_long": 39.7244,
        "gps_lat": 24.4761,
        "heading": 342.917,
        "Odometer (nm)": 10687.012,
        "Velocity (knots)": 142,
        "Altitude (ft)": 3340
    },
    {
        "Asset": 164,
        "Time": "25/11/21 23:55",
        "Message ID": 2120,
        "State": "Moving",
        "Location": "",
        "Event Message": "General Tweet",
        "Event Type(tag)": "25/11/2021 6:25:46 PM to 25/11/2021 6:25:46 PM",
        "gps_long": 39.8331,
        "gps_lat": 24.3143,
        "heading": 245.608,
        "Odometer (nm)": 10673.633,
        "Velocity (knots)": 208.2,
        "Altitude (ft)": 6128
    },
    {
        "Asset": 164,
        "Time": "25/11/21 23:55",
        "Message ID": 2119,
        "State": "Moving",
        "Location": "",
        "Event Message": "General Heart Beat",
        "Event Type(tag)": "25/11/2021 6:25:45 PM to 25/11/2021 6:25:45 PM",
        "gps_long": 39.8331,
        "gps_lat": 24.3143,
        "heading": 245.608,
        "Odometer (nm)": 10673.633,
        "Velocity (knots)": 208.2,
        "Altitude (ft)": 6128
    },
    {
        "Asset": 164,
        "Time": "25/11/21 23:55",
        "Message ID": 2118,
        "State": "Moving",
        "Location": "",
        "Event Message": "Approach",
        "Event Type(tag)": "25/11/2021 6:25:44 PM to 25/11/2021 6:25:44 PM",
        "gps_long": 39.9671,
        "gps_lat": 24.3739,
        "heading": 246.982,
        "Odometer (nm)": 10665.467,
        "Velocity (knots)": 278.7,
        "Altitude (ft)": 6780
    },
    {
        "Asset": 164,
        "Time": "25/11/21 23:55",
        "Message ID": 2117,
        "State": "Moving",
        "Location": "",
        "Event Message": "General Heart Beat",
        "Event Type(tag)": "25/11/2021 6:25:43 PM to 25/11/2021 6:25:43 PM",
        "gps_long": 39.9671,
        "gps_lat": 24.3739,
        "heading": 246.982,
        "Odometer (nm)": 10665.467,
        "Velocity (knots)": 278.7,
        "Altitude (ft)": 6780
    },
    {
        "Asset": 164,
        "Time": "25/11/21 23:55",
        "Message ID": 2116,
        "State": "Moving",
        "Location": "",
        "Event Message": "General Tweet",
        "Event Type(tag)": "25/11/2021 6:25:42 PM to 25/11/2021 6:25:42 PM",
        "gps_long": 40.1414,
        "gps_lat": 24.4498,
        "heading": 245.114,
        "Odometer (nm)": 10654.893,
        "Velocity (knots)": 336.7,
        "Altitude (ft)": 8640
    },
    {
        "Asset": 164,
        "Time": "25/11/21 23:55",
        "Message ID": 2115,
        "State": "Moving",
        "Location": "",
        "Event Message": "General Heart Beat",
        "Event Type(tag)": "25/11/2021 6:25:41 PM to 25/11/2021 6:25:41 PM",
        "gps_long": 40.1414,
        "gps_lat": 24.4498,
        "heading": 245.114,
        "Odometer (nm)": 10654.893,
        "Velocity (knots)": 336.7,
        "Altitude (ft)": 8640
    },
    {
        "Asset": 164,
        "Time": "25/11/21 23:55",
        "Message ID": 2114,
        "State": "Moving",
        "Location": "",
        "Event Message": "General Heart Beat",
        "Event Type(tag)": "25/11/2021 6:25:40 PM to 25/11/2021 6:25:40 PM",
        "gps_long": 40.3318,
        "gps_lat": 24.5318,
        "heading": 245.685,
        "Odometer (nm)": 10643.37,
        "Velocity (knots)": 361.2,
        "Altitude (ft)": 11528
    },
    {
        "Asset": 164,
        "Time": "25/11/21 23:55",
        "Message ID": 2113,
        "State": "Moving",
        "Location": "",
        "Event Message": "General Tweet",
        "Event Type(tag)": "25/11/2021 6:25:39 PM to 25/11/2021 6:25:39 PM",
        "gps_long": 40.528,
        "gps_lat": 24.616,
        "heading": 245.169,
        "Odometer (nm)": 10631.511,
        "Velocity (knots)": 354.3,
        "Altitude (ft)": 14534
    },
    {
        "Asset": 164,
        "Time": "25/11/21 23:55",
        "Message ID": 2111,
        "State": "Moving",
        "Location": "",
        "Event Message": "General Heart Beat",
        "Event Type(tag)": "25/11/2021 6:25:37 PM to 25/11/2021 6:25:37 PM",
        "gps_long": 40.733,
        "gps_lat": 24.6835,
        "heading": 260.824,
        "Odometer (nm)": 10619.6,
        "Velocity (knots)": 368.7,
        "Altitude (ft)": 18378
    },
    {
        "Asset": 164,
        "Time": "25/11/21 23:55",
        "Message ID": 2110,
        "State": "Moving",
        "Location": "",
        "Event Message": "General Tweet",
        "Event Type(tag)": "25/11/2021 6:25:36 PM to 25/11/2021 6:25:36 PM",
        "gps_long": 40.9663,
        "gps_lat": 24.7136,
        "heading": 261.362,
        "Odometer (nm)": 10606.732,
        "Velocity (knots)": 395,
        "Altitude (ft)": 22656
    },
    {
        "Asset": 164,
        "Time": "25/11/21 23:55",
        "Message ID": 2108,
        "State": "Moving",
        "Location": "",
        "Event Message": "General Heart Beat",
        "Event Type(tag)": "25/11/2021 6:25:34 PM to 25/11/2021 6:25:34 PM",
        "gps_long": 41.2138,
        "gps_lat": 24.745,
        "heading": 260.494,
        "Odometer (nm)": 10593.089,
        "Velocity (knots)": 424.7,
        "Altitude (ft)": 26388
    },
    {
        "Asset": 164,
        "Time": "25/11/21 23:55",
        "Message ID": 2107,
        "State": "Moving",
        "Location": "",
        "Event Message": "General Tweet",
        "Event Type(tag)": "25/11/2021 6:25:33 PM to 25/11/2021 6:25:33 PM",
        "gps_long": 41.4775,
        "gps_lat": 24.7775,
        "heading": 259.33,
        "Odometer (nm)": 10578.564,
        "Velocity (knots)": 443,
        "Altitude (ft)": 30992
    },
    {
        "Asset": 164,
        "Time": "25/11/21 23:55",
        "Message ID": 2105,
        "State": "Moving",
        "Location": "",
        "Event Message": "General Heart Beat",
        "Event Type(tag)": "25/11/2021 6:25:31 PM to 25/11/2021 6:25:31 PM",
        "gps_long": 41.7399,
        "gps_lat": 24.8095,
        "heading": 260.231,
        "Odometer (nm)": 10564.118,
        "Velocity (knots)": 426.7,
        "Altitude (ft)": 35070
    },
    {
        "Asset": 164,
        "Time": "25/11/21 23:55",
        "Message ID": 2104,
        "State": "Moving",
        "Location": "",
        "Event Message": "Descent",
        "Event Type(tag)": "25/11/2021 6:25:30 PM to 25/11/2021 6:25:30 PM",
        "gps_long": 41.8086,
        "gps_lat": 24.8181,
        "heading": 259.956,
        "Odometer (nm)": 10560.334,
        "Velocity (knots)": 423,
        "Altitude (ft)": 35808
    },
    {
        "Asset": 164,
        "Time": "25/11/21 23:55",
        "Message ID": 2103,
        "State": "Moving",
        "Location": "",
        "Event Message": "General Tweet",
        "Event Type(tag)": "25/11/2021 6:25:29 PM to 25/11/2021 6:25:29 PM",
        "gps_long": 41.9941,
        "gps_lat": 24.8406,
        "heading": 260.033,
        "Odometer (nm)": 10550.125,
        "Velocity (knots)": 419.7,
        "Altitude (ft)": 36026
    },
    {
        "Asset": 164,
        "Time": "25/11/21 23:55",
        "Message ID": 2102,
        "State": "Moving",
        "Location": "",
        "Event Message": "General Heart Beat",
        "Event Type(tag)": "25/11/2021 6:25:28 PM to 25/11/2021 6:25:28 PM",
        "gps_long": 41.9941,
        "gps_lat": 24.8406,
        "heading": 260.033,
        "Odometer (nm)": 10550.125,
        "Velocity (knots)": 419.7,
        "Altitude (ft)": 36026
    },
    {
        "Asset": 164,
        "Time": "25/11/21 23:55",
        "Message ID": 2101,
        "State": "Moving",
        "Location": "",
        "Event Message": "General Heart Beat",
        "Event Type(tag)": "25/11/2021 6:25:27 PM to 25/11/2021 6:25:27 PM",
        "gps_long": 42.2472,
        "gps_lat": 24.8707,
        "heading": 260.088,
        "Odometer (nm)": 10536.204,
        "Velocity (knots)": 418.5,
        "Altitude (ft)": 36018
    },
    {
        "Asset": 164,
        "Time": "25/11/21 23:55",
        "Message ID": 2100,
        "State": "Moving",
        "Location": "",
        "Event Message": "General Tweet",
        "Event Type(tag)": "25/11/2021 6:25:26 PM to 25/11/2021 6:25:26 PM",
        "gps_long": 42.5002,
        "gps_lat": 24.9003,
        "heading": 259.879,
        "Odometer (nm)": 10522.294,
        "Velocity (knots)": 419.7,
        "Altitude (ft)": 36020
    },
    {
        "Asset": 164,
        "Time": "25/11/21 23:55",
        "Message ID": 2099,
        "State": "Moving",
        "Location": "",
        "Event Message": "General Heart Beat",
        "Event Type(tag)": "25/11/2021 6:25:25 PM to 25/11/2021 6:25:25 PM",
        "gps_long": 42.5002,
        "gps_lat": 24.9003,
        "heading": 259.879,
        "Odometer (nm)": 10522.294,
        "Velocity (knots)": 419.7,
        "Altitude (ft)": 36020
    },
    {
        "Asset": 164,
        "Time": "25/11/21 23:55",
        "Message ID": 2098,
        "State": "Moving",
        "Location": "",
        "Event Message": "General Heart Beat",
        "Event Type(tag)": "25/11/2021 6:25:24 PM to 25/11/2021 6:25:24 PM",
        "gps_long": 42.7544,
        "gps_lat": 24.9299,
        "heading": 259.407,
        "Odometer (nm)": 10508.323,
        "Velocity (knots)": 420,
        "Altitude (ft)": 36010
    },
    {
        "Asset": 164,
        "Time": "25/11/21 23:55",
        "Message ID": 2097,
        "State": "Moving",
        "Location": "",
        "Event Message": "General Tweet",
        "Event Type(tag)": "25/11/2021 6:25:23 PM to 25/11/2021 6:25:23 PM",
        "gps_long": 43.0091,
        "gps_lat": 24.9587,
        "heading": 259.56,
        "Odometer (nm)": 10494.335,
        "Velocity (knots)": 420.7,
        "Altitude (ft)": 36000
    },
    {
        "Asset": 164,
        "Time": "25/11/21 23:55",
        "Message ID": 2096,
        "State": "Moving",
        "Location": "",
        "Event Message": "General Heart Beat",
        "Event Type(tag)": "25/11/2021 6:25:22 PM to 25/11/2021 6:25:22 PM",
        "gps_long": 43.0091,
        "gps_lat": 24.9587,
        "heading": 259.56,
        "Odometer (nm)": 10494.335,
        "Velocity (knots)": 420.7,
        "Altitude (ft)": 36000
    },
    {
        "Asset": 164,
        "Time": "25/11/21 23:55",
        "Message ID": 2095,
        "State": "Moving",
        "Location": "",
        "Event Message": "General Heart Beat",
        "Event Type(tag)": "25/11/2021 6:25:21 PM to 25/11/2021 6:25:21 PM",
        "gps_long": 43.264,
        "gps_lat": 24.9871,
        "heading": 259.725,
        "Odometer (nm)": 10480.341,
        "Velocity (knots)": 422.2,
        "Altitude (ft)": 36006
    },
    {
        "Asset": 164,
        "Time": "25/11/21 23:55",
        "Message ID": 2094,
        "State": "Moving",
        "Location": "",
        "Event Message": "General Tweet",
        "Event Type(tag)": "25/11/2021 6:25:20 PM to 25/11/2021 6:25:20 PM",
        "gps_long": 43.5206,
        "gps_lat": 25.0157,
        "heading": 260.165,
        "Odometer (nm)": 10466.258,
        "Velocity (knots)": 426.5,
        "Altitude (ft)": 36024
    },
    {
        "Asset": 164,
        "Time": "25/11/21 23:55",
        "Message ID": 2093,
        "State": "Moving",
        "Location": "",
        "Event Message": "General Heart Beat",
        "Event Type(tag)": "25/11/2021 6:25:19 PM to 25/11/2021 6:25:19 PM",
        "gps_long": 43.5206,
        "gps_lat": 25.0157,
        "heading": 260.165,
        "Odometer (nm)": 10466.258,
        "Velocity (knots)": 426.5,
        "Altitude (ft)": 36024
    },
    {
        "Asset": 164,
        "Time": "25/11/21 23:55",
        "Message ID": 2092,
        "State": "Moving",
        "Location": "",
        "Event Message": "General Heart Beat",
        "Event Type(tag)": "25/11/2021 6:25:18 PM to 25/11/2021 6:25:18 PM",
        "gps_long": 43.7781,
        "gps_lat": 25.0437,
        "heading": 260.055,
        "Odometer (nm)": 10452.133,
        "Velocity (knots)": 423.2,
        "Altitude (ft)": 35996
    },
    {
        "Asset": 164,
        "Time": "25/11/21 23:55",
        "Message ID": 2091,
        "State": "Moving",
        "Location": "",
        "Event Message": "General Tweet",
        "Event Type(tag)": "25/11/2021 6:25:17 PM to 25/11/2021 6:25:17 PM",
        "gps_long": 44.0327,
        "gps_lat": 25.0709,
        "heading": 259.802,
        "Odometer (nm)": 10438.174,
        "Velocity (knots)": 421.8,
        "Altitude (ft)": 36004
    },
    {
        "Asset": 164,
        "Time": "25/11/21 23:55",
        "Message ID": 2090,
        "State": "Moving",
        "Location": "",
        "Event Message": "General Heart Beat",
        "Event Type(tag)": "25/11/2021 6:25:16 PM to 25/11/2021 6:25:16 PM",
        "gps_long": 44.0327,
        "gps_lat": 25.0709,
        "heading": 259.802,
        "Odometer (nm)": 10438.174,
        "Velocity (knots)": 421.8,
        "Altitude (ft)": 36004
    },
    {
        "Asset": 164,
        "Time": "25/11/21 23:55",
        "Message ID": 2089,
        "State": "Moving",
        "Location": "",
        "Event Message": "General Heart Beat",
        "Event Type(tag)": "25/11/2021 6:25:15 PM to 25/11/2021 6:25:15 PM",
        "gps_long": 44.2866,
        "gps_lat": 25.0974,
        "heading": 259.967,
        "Odometer (nm)": 10424.261,
        "Velocity (knots)": 414,
        "Altitude (ft)": 36008
    },
    {
        "Asset": 164,
        "Time": "25/11/21 23:55",
        "Message ID": 2088,
        "State": "Moving",
        "Location": "",
        "Event Message": "General Tweet",
        "Event Type(tag)": "25/11/2021 6:25:14 PM to 25/11/2021 6:25:14 PM",
        "gps_long": 44.5413,
        "gps_lat": 25.113,
        "heading": 269.354,
        "Odometer (nm)": 10410.366,
        "Velocity (knots)": 421.3,
        "Altitude (ft)": 35992
    },
    {
        "Asset": 164,
        "Time": "25/11/21 23:55",
        "Message ID": 2087,
        "State": "Moving",
        "Location": "",
        "Event Message": "General Heart Beat",
        "Event Type(tag)": "25/11/2021 6:25:13 PM to 25/11/2021 6:25:13 PM",
        "gps_long": 44.5413,
        "gps_lat": 25.113,
        "heading": 269.354,
        "Odometer (nm)": 10410.366,
        "Velocity (knots)": 421.3,
        "Altitude (ft)": 35992
    },
    {
        "Asset": 164,
        "Time": "25/11/21 23:55",
        "Message ID": 2086,
        "State": "Moving",
        "Location": "",
        "Event Message": "General Heart Beat",
        "Event Type(tag)": "25/11/2021 6:25:12 PM to 25/11/2021 6:25:12 PM",
        "gps_long": 44.7984,
        "gps_lat": 25.0948,
        "heading": 269.772,
        "Odometer (nm)": 10396.33,
        "Velocity (knots)": 418.7,
        "Altitude (ft)": 36000
    },
    {
        "Asset": 164,
        "Time": "25/11/21 23:55",
        "Message ID": 2085,
        "State": "Moving",
        "Location": "",
        "Event Message": "Cruise",
        "Event Type(tag)": "25/11/2021 6:25:11 PM to 25/11/2021 6:25:11 PM",
        "gps_long": 44.9347,
        "gps_lat": 25.085,
        "heading": 269.684,
        "Odometer (nm)": 10388.887,
        "Velocity (knots)": 419.3,
        "Altitude (ft)": 36008
    },
    {
        "Asset": 164,
        "Time": "25/11/21 23:55",
        "Message ID": 2084,
        "State": "Moving",
        "Location": "",
        "Event Message": "General Tweet",
        "Event Type(tag)": "25/11/2021 6:25:10 PM to 25/11/2021 6:25:10 PM",
        "gps_long": 45.053,
        "gps_lat": 25.0762,
        "heading": 270.244,
        "Odometer (nm)": 10382.425,
        "Velocity (knots)": 417,
        "Altitude (ft)": 36004
    },
    {
        "Asset": 164,
        "Time": "25/11/21 23:55",
        "Message ID": 2083,
        "State": "Moving",
        "Location": "",
        "Event Message": "General Heart Beat",
        "Event Type(tag)": "25/11/2021 6:25:09 PM to 25/11/2021 6:25:09 PM",
        "gps_long": 45.053,
        "gps_lat": 25.0762,
        "heading": 270.244,
        "Odometer (nm)": 10382.425,
        "Velocity (knots)": 417,
        "Altitude (ft)": 36004
    },
    {
        "Asset": 164,
        "Time": "25/11/21 23:55",
        "Message ID": 2082,
        "State": "Moving",
        "Location": "",
        "Event Message": "General Heart Beat",
        "Event Type(tag)": "25/11/2021 6:25:08 PM to 25/11/2021 6:25:08 PM",
        "gps_long": 45.3108,
        "gps_lat": 25.0575,
        "heading": 270.036,
        "Odometer (nm)": 10368.344,
        "Velocity (knots)": 425.5,
        "Altitude (ft)": 34778
    },
    {
        "Asset": 164,
        "Time": "25/11/21 23:55",
        "Message ID": 2081,
        "State": "Moving",
        "Location": "",
        "Event Message": "General Tweet",
        "Event Type(tag)": "25/11/2021 6:25:07 PM to 25/11/2021 6:25:07 PM",
        "gps_long": 45.5779,
        "gps_lat": 25.0372,
        "heading": 272.233,
        "Odometer (nm)": 10353.749,
        "Velocity (knots)": 455.5,
        "Altitude (ft)": 29500
    },
    {
        "Asset": 164,
        "Time": "25/11/21 23:55",
        "Message ID": 2080,
        "State": "Moving",
        "Location": "",
        "Event Message": "General Heart Beat",
        "Event Type(tag)": "25/11/2021 6:25:06 PM to 25/11/2021 6:25:06 PM",
        "gps_long": 45.5779,
        "gps_lat": 25.0372,
        "heading": 272.233,
        "Odometer (nm)": 10353.749,
        "Velocity (knots)": 455.5,
        "Altitude (ft)": 29500
    },
    {
        "Asset": 164,
        "Time": "25/11/21 23:55",
        "Message ID": 2079,
        "State": "Moving",
        "Location": "",
        "Event Message": "General Heart Beat",
        "Event Type(tag)": "25/11/2021 6:25:05 PM to 25/11/2021 6:25:05 PM",
        "gps_long": 45.8545,
        "gps_lat": 25.0159,
        "heading": 273.452,
        "Odometer (nm)": 10338.63,
        "Velocity (knots)": 441.5,
        "Altitude (ft)": 24922
    },
    {
        "Asset": 164,
        "Time": "25/11/21 23:55",
        "Message ID": 2078,
        "State": "Moving",
        "Location": "",
        "Event Message": "General Tweet",
        "Event Type(tag)": "25/11/2021 6:25:04 PM to 25/11/2021 6:25:04 PM",
        "gps_long": 46.1163,
        "gps_lat": 24.9923,
        "heading": 277.572,
        "Odometer (nm)": 10324.299,
        "Velocity (knots)": 425.5,
        "Altitude (ft)": 19490
    },
    {
        "Asset": 164,
        "Time": "25/11/21 23:55",
        "Message ID": 2077,
        "State": "Moving",
        "Location": "",
        "Event Message": "General Heart Beat",
        "Event Type(tag)": "25/11/2021 6:25:03 PM to 25/11/2021 6:25:03 PM",
        "gps_long": 46.1163,
        "gps_lat": 24.9923,
        "heading": 277.572,
        "Odometer (nm)": 10324.299,
        "Velocity (knots)": 425.5,
        "Altitude (ft)": 19490
    },
    {
        "Asset": 164,
        "Time": "25/11/21 23:55",
        "Message ID": 2076,
        "State": "Moving",
        "Location": "",
        "Event Message": "General Heart Beat",
        "Event Type(tag)": "25/11/2021 6:25:02 PM to 25/11/2021 6:25:02 PM",
        "gps_long": 46.3623,
        "gps_lat": 24.9544,
        "heading": 279.846,
        "Odometer (nm)": 10310.702,
        "Velocity (knots)": 392,
        "Altitude (ft)": 13522
    },
    {
        "Asset": 164,
        "Time": "25/11/21 23:55",
        "Message ID": 2075,
        "State": "Moving",
        "Location": "",
        "Event Message": "Climb",
        "Event Type(tag)": "25/11/2021 6:25:01 PM to 25/11/2021 6:25:01 PM",
        "gps_long": 46.4166,
        "gps_lat": 24.9464,
        "heading": 280.187,
        "Odometer (nm)": 10307.705,
        "Velocity (knots)": 376.5,
        "Altitude (ft)": 12312
    },
    {
        "Asset": 164,
        "Time": "25/11/21 23:55",
        "Message ID": 2074,
        "State": "Moving",
        "Location": "",
        "Event Message": "Takeoff",
        "Event Type(tag)": "25/11/2021 6:25:00 PM to 25/11/2021 6:25:00 PM",
        "gps_long": 46.5248,
        "gps_lat": 24.9304,
        "heading": 278.792,
        "Odometer (nm)": 10301.729,
        "Velocity (knots)": 299,
        "Altitude (ft)": 10506
    },
    {
        "Asset": 164,
        "Time": "25/11/21 23:54",
        "Message ID": 2073,
        "State": "Moving",
        "Location": "",
        "Event Message": "General Tweet",
        "Event Type(tag)": "25/11/2021 6:24:59 PM to 25/11/2021 6:24:59 PM",
        "gps_long": 46.5659,
        "gps_lat": 24.9247,
        "heading": 278.835,
        "Odometer (nm)": 10299.463,
        "Velocity (knots)": 287.2,
        "Altitude (ft)": 9096
    },
    {
        "Asset": 164,
        "Time": "25/11/21 23:53",
        "Message ID": 2010,
        "State": "Moving",
        "Location": "",
        "Event Message": "General Heart Beat",
        "Event Type(tag)": "25/11/2021 6:23:56 PM to 25/11/2021 6:23:56 PM",
        "gps_long": 46.7235,
        "gps_lat": 24.9637,
        "heading": 278.835,
        "Odometer (nm)": 10285.126,
        "Velocity (knots)": 0,
        "Altitude (ft)": 2086
    }
]