[
  {
    "ECM Parameters": "Gross Weight",
    "Actual Value at Take Off": 253800,
    "Actual Value at Cruise": 248000,
    "Units": "Lbs"
  },
  {
    "ECM Parameters": "Zero Fuel Weight",
    "Actual Value at Take Off": 199040,
    "Actual Value at Cruise": 199040,
    "Units": "Lbs"
  },
  {
    "ECM Parameters": "Fuel Quantity-Fuel on Board",
    "Actual Value at Take Off": 54840,
    "Actual Value at Cruise": 49040,
    "Units": "Lbs"
  },
  {
    "ECM Parameters": "Altitude",
    "Actual Value at Take Off": 6966,
    "Actual Value at Cruise": 37010,
    "Units": "Ft"
  },
  {
    "ECM Parameters": "Mach Number",
    "Actual Value at Take Off": 410.125,
    "Actual Value at Cruise": 802.375,
    "Units": "mMACH"
  },
  {
    "ECM Parameters": "Speed/IAS",
    "Actual Value at Take Off": 239.625,
    "Actual Value at Cruise": 260.25,
    "Units": "Knots"
  },
  {
    "ECM Parameters": "Total Air Temperature",
    "Actual Value at Take Off": 31.75,
    "Actual Value at Cruise": -18.25,
    "Units": "°C"
  },
  {
    "ECM Parameters": "Static Air Temperature",
    "Actual Value at Take Off": 21.875,
    "Actual Value at Cruise": -47.375,
    "Units": "°C"
  },
  {
    "ECM Parameters": "N1 Engine 1",
    "Actual Value at Take Off": 100,
    "Actual Value at Cruise": 92.25,
    "Units": "%"
  },
  {
    "ECM Parameters": "N1 Engine 2",
    "Actual Value at Take Off": 100,
    "Actual Value at Cruise": 93.25,
    "Units": "%"
  },
  {
    "ECM Parameters": "EGT/ITT Engine 1",
    "Actual Value at Take Off": 819.159,
    "Actual Value at Cruise": 677.419,
    "Units": "DEG C"
  },
  {
    "ECM Parameters": "EGT/ITT Engine 2",
    "Actual Value at Take Off": 822.092,
    "Actual Value at Cruise": 690.127,
    "Units": "DEG C"
  },
  {
    "ECM Parameters": "N2 Engine 1",
    "Actual Value at Take Off": 120,
    "Actual Value at Cruise": 18.3529,
    "Units": "%rpm"
  },
  {
    "ECM Parameters": "N2 Engine 2",
    "Actual Value at Take Off": 115.765,
    "Actual Value at Cruise": 17.4118,
    "Units": "%rpm"
  },
  {
    "ECM Parameters": "Fuel Flow Engine 1",
    "Actual Value at Take Off": 14064,
    "Actual Value at Cruise": 4592,
    "Units": "Lbs/Hr"
  },
  {
    "ECM Parameters": "Fuel Flow Engine 2",
    "Actual Value at Take Off": 14448,
    "Actual Value at Cruise": 5024,
    "Units": "Lbs/Hr"
  },
  {
    "ECM Parameters": "Vibration N1 Engine 1",
    "Actual Value at Take Off": 0.4,
    "Actual Value at Cruise": 0.4,
    "Units": "Units"
  },
  {
    "ECM Parameters": "Vibration N1 Engine 2",
    "Actual Value at Take Off": 0.8,
    "Actual Value at Cruise": 0.8,
    "Units": "Units"
  },
  {
    "ECM Parameters": "Vibration N2 Engine 1",
    "Actual Value at Take Off": 0.5,
    "Actual Value at Cruise": 0.7,
    "Units": "Units"
  },
  {
    "ECM Parameters": "Vibration N2 Engine 2",
    "Actual Value at Take Off": 0,
    "Actual Value at Cruise": 0.3,
    "Units": "Units"
  },
  {
    "ECM Parameters": "Oil Pressure Engine 1",
    "Actual Value at Take Off": 56,
    "Actual Value at Cruise": 48,
    "Units": "PSI"
  },
  {
    "ECM Parameters": "Oil Pressure Engine 2",
    "Actual Value at Take Off": 54,
    "Actual Value at Cruise": 48,
    "Units": "PSI"
  },
  {
    "ECM Parameters": "Oil Temp Engine 1",
    "Actual Value at Take Off": 114,
    "Actual Value at Cruise": 122,
    "Units": "°C"
  },
  {
    "ECM Parameters": "Oil Temp Engine 2",
    "Actual Value at Take Off": 117,
    "Actual Value at Cruise": 122,
    "Units": "°C"
  },
  {
    "ECM Parameters": "Nacelle Temp Engine 1",
    "Actual Value at Take Off": 96,
    "Actual Value at Cruise": 91,
    "Units": "°C"
  },
  {
    "ECM Parameters": "Nacelle Temp Engine 2",
    "Actual Value at Take Off": 99,
    "Actual Value at Cruise": 106,
    "Units": "°C"
  },
  {
    "ECM Parameters": "Eng. Bleed Engine 1",
    "Actual Value at Take Off": 1,
    "Actual Value at Cruise": 1,
    "Units": "Dis"
  },
  {
    "ECM Parameters": "Eng. Bleed Engine 2",
    "Actual Value at Take Off": 1,
    "Actual Value at Cruise": 1,
    "Units": "Dis"
  },
  {
    "ECM Parameters": "AC Pack 1",
    "Actual Value at Take Off": 1,
    "Actual Value at Cruise": 2,
    "Units": "PSI"
  },
  {
    "ECM Parameters": "AC Pack 2",
    "Actual Value at Take Off": 1.46,
    "Actual Value at Cruise": 1.76,
    "Units": "PSI"
  }
]