{
  "status": "200",
  "report_data_s1": {
    "regNum": 164,
    "airCraftRegNo": 164,
    "origin": "46.5248,24.9304",
    "taxi_out_time": "2021-10-22 03:13",
    "taxi_off_time": "2021-10-22 03:13",
    "date": "22/10/2021",
    "flightId": "0",
    "destination": "39.7244,24.4761",
    "gate_in_time": "2021-10-22 03:14",
    "landing_Time": "2021-10-22 03:14"
  },
  "report_data_s2": [
    {
      "ecmParams": "Gross Weight",
      "actualValue_takeoff": "314320",
      "actualValue_takeCruise": "314320",
      "unit": "Lbs/kg",
      "priority": 1
    },
    {
      "ecmParams": "Zero Fuel Weight",
      "actualValue_takeoff": "314320",
      "actualValue_takeCruise": "314320",
      "unit": "Lbs/kg",
      "priority": 2
    },
    {
      "ecmParams": "Fuel Quantity-Fuel on Board at Take-off",
      "actualValue_takeoff": "314320",
      "actualValue_takeCruise": "314320",
      "unit": "Lbs/kg",
      "priority": 3
    },
    {
      "ecmParams": "Fuel Quantity-Fuel on Board at Landing",
      "actualValue_takeoff": "314320",
      "actualValue_takeCruise": "314320",
      "unit": "Lbs/kg",
      "priority": 4
    },
    {
      "ecmParams": "Before Engine Start Oil Quantity",
      "actualValue_takeoff": "314320",
      "actualValue_takeCruise": "314320",
      "unit": "USG/QTS",
      "priority": 5
    },
    {
      "ecmParams": "After Engine Shut Down Oil Quantity",
      "actualValue_takeoff": "314320",
      "actualValue_takeCruise": "314320",
      "unit": "USG/QTS",
      "priority": 6
    },
    {
      "ecmParams": "Cruise Altitude",
      "actualValue_takeoff": "314320",
      "actualValue_takeCruise": "314320",
      "unit": "Feet/Meters",
      "priority": 7
    },
    {
      "ecmParams": "Cruise Mach Number",
      "actualValue_takeoff": "314320",
      "actualValue_takeCruise": "314320",
      "unit": "Mach",
      "priority": 8
    },
    {
      "ecmParams": "Cruise Speed/IAS",
      "actualValue_takeoff": "314320",
      "actualValue_takeCruise": "314320",
      "unit": "Knots",
      "priority": 9
    },
    {
      "ecmParams": "Total Air Temperature",
      "actualValue_takeoff": "314320",
      "actualValue_takeCruise": "314320",
      "unit": "Degree C",
      "priority": 10
    },
    {
      "ecmParams": "Total Fuel Used",
      "actualValue_takeoff": "314320",
      "actualValue_takeCruise": "314320",
      "unit": "Lbs/kg",
      "priority": 11
    }
  ],
  "report_data_s3": [
    {
      "startFlight": "Engine Start",
      "time": "2022-02-02 12:35:27",
      "apuUsageGndAir": "1.00",
      "engine1_N1": "91.00",
      "engine1_N2": "None",
      "engine1_egtItt": "684.00",
      "engine1_Oil_Press": "53.00",
      "engine1_Oil_Temp": "84.50",
      "engine1_NAC_Temp": "57.50",
      "engine1_Vib_N1": "35",
      "engine1_Vib_N2": "55",
      "engine1_Fuel_Flow": "12.90k",
      "engine2_N1": "94.00",
      "engine2_N2": "None",
      "engine2_egtItt": "675.00",
      "engine2_Oil_Press": "58.00",
      "engine2_Oil_Temp": "84.00",
      "engine2_NAC_Temp": "58.00",
      "engine2_Vib_N1": "30",
      "engine2_Vib_N2": "25",
      "engine2_Fuel_Flow": "14.39k"
    },
    {
      "startFlight": "Engine Off",
      "time": "2022-02-02 12:35:27",
      "apuUsageGndAir": "1.00",
      "engine1_N1": "91.00",
      "engine1_N2": "None",
      "engine1_egtItt": "684.00",
      "engine1_Oil_Press": "53.00",
      "engine1_Oil_Temp": "84.50",
      "engine1_NAC_Temp": "57.50",
      "engine1_Vib_N1": "35",
      "engine1_Vib_N2": "55",
      "engine1_Fuel_Flow": "12.90k",
      "engine2_N1": "94.00",
      "engine2_N2": "None",
      "engine2_egtItt": "675.00",
      "engine2_Oil_Press": "58.00",
      "engine2_Oil_Temp": "84.00",
      "engine2_NAC_Temp": "58.00",
      "engine2_Vib_N1": "30",
      "engine2_Vib_N2": "25",
      "engine2_Fuel_Flow": "14.39k"
    },
    {
      "startFlight": "Taxi Out",
      "time": "2022-02-02 12:35:27",
      "apuUsageGndAir": "1.00",
      "engine1_N1": "91.00",
      "engine1_N2": "None",
      "engine1_egtItt": "684.00",
      "engine1_Oil_Press": "53.00",
      "engine1_Oil_Temp": "84.50",
      "engine1_NAC_Temp": "57.50",
      "engine1_Vib_N1": "35",
      "engine1_Vib_N2": "55",
      "engine1_Fuel_Flow": "12.90k",
      "engine2_N1": "94.00",
      "engine2_N2": "None",
      "engine2_egtItt": "675.00",
      "engine2_Oil_Press": "58.00",
      "engine2_Oil_Temp": "84.00",
      "engine2_NAC_Temp": "58.00",
      "engine2_Vib_N1": "30",
      "engine2_Vib_N2": "25",
      "engine2_Fuel_Flow": "14.39k"
    },
    {
      "startFlight": "Takeoff",
      "time": "2022-02-02 12:35:27",
      "apuUsageGndAir": "1.00",
      "engine1_N1": "91.00",
      "engine1_N2": "None",
      "engine1_egtItt": "684.00",
      "engine1_Oil_Press": "53.00",
      "engine1_Oil_Temp": "84.50",
      "engine1_NAC_Temp": "57.50",
      "engine1_Vib_N1": "35",
      "engine1_Vib_N2": "55",
      "engine1_Fuel_Flow": "12.90k",
      "engine2_N1": "94.00",
      "engine2_N2": "None",
      "engine2_egtItt": "675.00",
      "engine2_Oil_Press": "58.00",
      "engine2_Oil_Temp": "84.00",
      "engine2_NAC_Temp": "58.00",
      "engine2_Vib_N1": "30",
      "engine2_Vib_N2": "25",
      "engine2_Fuel_Flow": "14.39k"
    },
    {
      "startFlight": "Climb",
      "time": "2022-02-02 12:35:27",
      "apuUsageGndAir": "1.00",
      "engine1_N1": "91.00",
      "engine1_N2": "None",
      "engine1_egtItt": "684.00",
      "engine1_Oil_Press": "53.00",
      "engine1_Oil_Temp": "84.50",
      "engine1_NAC_Temp": "57.50",
      "engine1_Vib_N1": "35",
      "engine1_Vib_N2": "55",
      "engine1_Fuel_Flow": "12.90k",
      "engine2_N1": "94.00",
      "engine2_N2": "None",
      "engine2_egtItt": "675.00",
      "engine2_Oil_Press": "58.00",
      "engine2_Oil_Temp": "84.00",
      "engine2_NAC_Temp": "58.00",
      "engine2_Vib_N1": "30",
      "engine2_Vib_N2": "25",
      "engine2_Fuel_Flow": "14.39k"
    },
    {
      "startFlight": "Cruise",
      "time": "2022-02-02 12:35:27",
      "apuUsageGndAir": "1.00",
      "engine1_N1": "91.00",
      "engine1_N2": "None",
      "engine1_egtItt": "684.00",
      "engine1_Oil_Press": "53.00",
      "engine1_Oil_Temp": "84.50",
      "engine1_NAC_Temp": "57.50",
      "engine1_Vib_N1": "35",
      "engine1_Vib_N2": "55",
      "engine1_Fuel_Flow": "12.90k",
      "engine2_N1": "94.00",
      "engine2_N2": "None",
      "engine2_egtItt": "675.00",
      "engine2_Oil_Press": "58.00",
      "engine2_Oil_Temp": "84.00",
      "engine2_NAC_Temp": "58.00",
      "engine2_Vib_N1": "30",
      "engine2_Vib_N2": "25",
      "engine2_Fuel_Flow": "14.39k"
    },
    {
      "startFlight": "Descent",
      "time": "2022-02-02 12:35:27",
      "apuUsageGndAir": "1.00",
      "engine1_N1": "91.00",
      "engine1_N2": "None",
      "engine1_egtItt": "684.00",
      "engine1_Oil_Press": "53.00",
      "engine1_Oil_Temp": "84.50",
      "engine1_NAC_Temp": "57.50",
      "engine1_Vib_N1": "35",
      "engine1_Vib_N2": "55",
      "engine1_Fuel_Flow": "12.90k",
      "engine2_N1": "94.00",
      "engine2_N2": "None",
      "engine2_egtItt": "675.00",
      "engine2_Oil_Press": "58.00",
      "engine2_Oil_Temp": "84.00",
      "engine2_NAC_Temp": "58.00",
      "engine2_Vib_N1": "30",
      "engine2_Vib_N2": "25",
      "engine2_Fuel_Flow": "14.39k"
    },
    {
      "startFlight": "Approach",
      "time": "2022-02-02 12:35:27",
      "apuUsageGndAir": "1.00",
      "engine1_N1": "91.00",
      "engine1_N2": "None",
      "engine1_egtItt": "684.00",
      "engine1_Oil_Press": "53.00",
      "engine1_Oil_Temp": "84.50",
      "engine1_NAC_Temp": "57.50",
      "engine1_Vib_N1": "35",
      "engine1_Vib_N2": "55",
      "engine1_Fuel_Flow": "12.90k",
      "engine2_N1": "94.00",
      "engine2_N2": "None",
      "engine2_egtItt": "675.00",
      "engine2_Oil_Press": "58.00",
      "engine2_Oil_Temp": "84.00",
      "engine2_NAC_Temp": "58.00",
      "engine2_Vib_N1": "30",
      "engine2_Vib_N2": "25",
      "engine2_Fuel_Flow": "14.39k"
    },
    {
      "startFlight": "Landing",
      "time": "2022-02-02 12:35:27",
      "apuUsageGndAir": "1.00",
      "engine1_N1": "91.00",
      "engine1_N2": "None",
      "engine1_egtItt": "684.00",
      "engine1_Oil_Press": "53.00",
      "engine1_Oil_Temp": "84.50",
      "engine1_NAC_Temp": "57.50",
      "engine1_Vib_N1": "35",
      "engine1_Vib_N2": "55",
      "engine1_Fuel_Flow": "12.90k",
      "engine2_N1": "94.00",
      "engine2_N2": "None",
      "engine2_egtItt": "675.00",
      "engine2_Oil_Press": "58.00",
      "engine2_Oil_Temp": "84.00",
      "engine2_NAC_Temp": "58.00",
      "engine2_Vib_N1": "30",
      "engine2_Vib_N2": "25",
      "engine2_Fuel_Flow": "14.39k"
    },
    {
      "startFlight": "Taxi In",
      "time": "2022-02-02 12:35:27",
      "apuUsageGndAir": "1.00",
      "engine1_N1": "91.00",
      "engine1_N2": "None",
      "engine1_egtItt": "684.00",
      "engine1_Oil_Press": "53.00",
      "engine1_Oil_Temp": "84.50",
      "engine1_NAC_Temp": "57.50",
      "engine1_Vib_N1": "35",
      "engine1_Vib_N2": "55",
      "engine1_Fuel_Flow": "12.90k",
      "engine2_N1": "94.00",
      "engine2_N2": "None",
      "engine2_egtItt": "675.00",
      "engine2_Oil_Press": "58.00",
      "engine2_Oil_Temp": "84.00",
      "engine2_NAC_Temp": "58.00",
      "engine2_Vib_N1": "30",
      "engine2_Vib_N2": "25",
      "engine2_Fuel_Flow": "14.39k"
    }
  ]
}